{"camera_hpr": [-83.40126600000055, -6.622204000000309, 0.0], "camera_xyz": [-132.71232985030258, 475.356555099359, 241.63146000000137], "sky_height": 230.11655600000194, "sky_rotation": 60.28698000000105}